Names,Age,Total_Purchase,Account_Manager,Years,Num_Sites,Onboard_date,Location,Company,Churn
Cameron Williams,42,11066.8,0,7.22,8,8/30/2013 7:00,"10265 Elizabeth Mission Barkerburgh, AK 89518",Harvey LLC,1
Kevin Mueller,41,11916.22,0,6.5,11,8/13/2013 0:38,"6157 Frank Gardens Suite 019 Carloshaven, RI 17756",Wilson PLC,1
Eric Lozano,38,12884.75,0,6.67,12,6/29/2016 6:20,"1331 Keith Court Alyssahaven, DE 90114","Miller, Johnson and Wallace",1
Phillip White,42,8010.76,0,6.71,10,4/22/2014 12:43,"13120 Daniel Mount Angelabury, WY 30645-4695",Smith Inc,1
Cynthia Norton,37,9191.58,0,5.56,9,1/19/2016 15:31,"765 Tricia Row Karenshire, MH 71730",Love-Jones,1
Jessica Williams,48,10356.02,0,5.12,8,3/3/2009 23:13,"6187 Olson Mountains East Vincentborough, PR 74359",Kelly-Warren,1
Eric Butler,44,11331.58,1,5.23,11,12/5/2016 3:35,"4846 Savannah Road West Justin, IA 87713-3460",Reynolds-Sheppard,1
Zachary Walsh,32,9885.12,1,6.92,9,3/9/2006 14:50,"25271 Roy Expressway Suite 147 Brownport, FM 59852-6150",Singh-Cole,1
Ashlee Carr,43,14062.6,1,5.46,11,9/29/2011 5:47,"3725 Caroline Stravenue South Christineview, MA 82059",Lopez PLC,1
Jennifer Lynch,40,8066.94,1,7.11,11,3/28/2006 15:42,"363 Sandra Lodge Suite 144 South Ann, WI 51655-7561",Reed-Martinez,1
Paula Harris,30,11575.37,1,5.22,8,11/13/2016 13:13,Unit 8120 Box 9160 DPO AA 43432,"Briggs, Lamb and Mathews",1
Bruce Phillips,45,8771.02,1,6.64,11,5/28/2015 12:14,Unit 1895 Box 0949 DPO AA 40249,Figueroa-Maynard,1
Craig Garner,45,8988.67,1,4.84,11,2/16/2011 8:10,"897 Kelley Overpass Suite 349 West Rebekahport, AZ 44793",Abbott-Thompson,1
Nicole Olson,40,8283.32,1,5.1,13,11/22/2012 5:35,"11488 Weaver Cape Hernandezberg, WI 63417-8544","Smith, Kim and Marshall",1
Harold Griffin,41,6569.87,1,4.3,11,3/28/2015 2:13,"1774 Peter Row Apt. 712 New Autumn, MT 18782","Snyder, Lee and Morris",1
James Wright,38,10494.82,1,6.81,12,7/22/2015 8:38,"45408 David Path East Kimberlyshire, HI 54903-6698",Sanders-Pierce,1
Doris Wilkins,45,8213.41,1,7.35,11,9/3/2006 6:13,"28216 Wright Mount Apt. 356 Alichester, DE 40999-2369","Andrews, Adams and Davis",1
Katherine Carpenter,43,11226.88,0,8.08,12,10/22/2006 4:42,Unit 4948 Box 4814 DPO AP 42669,"Morgan, Phillips and Harrell",1
Lindsay Martin,53,5515.09,0,6.85,8,10/7/2015 0:27,"69203 Crosby Divide Apt. 878 Parkerview, CO 87064",Villanueva LLC,1
Kathy Curry,46,8046.4,1,5.69,8,11/6/2014 23:47,"9569 Caldwell Crescent Tanyaborough, RI 30637","Berry, Orr and Cabrera",1
Dean Miller,41,9771.22,0,5.81,11,5/30/2013 0:42,"803 Kelli Crossing Apt. 169 Jimenezberg, WV 56530-4240",Parks-Bradley,1
Kevin Ramos,56,12217.95,1,5.79,11,11/17/2016 14:37,"5775 Jared Stream Apt. 881 Port Jenniferfort, CO 63506-4063",Olsen LLC,1
Jennifer Wood,35,9381.12,1,6.78,11,3/27/2006 20:52,"1493 Phillips Haven Lake William, FM 00995-2870","Clark, Campbell and Armstrong",1
Paul Walker,41,10474.94,0,6.4,12,1/2/2012 5:08,"73006 Patty Avenue Apt. 646 New Sarahburgh, NV 24826",Dalton LLC,1
Lindsey Day,55,11158.5,1,4.86,10,1/7/2007 1:21,"85934 Dakota Mall Timothyville, MI 72421","Thompson, Hansen and Sanchez",1
Steven Hernandez,54,8207.1,0,4.26,11,4/5/2015 15:57,"14609 Perez Turnpike Bradleyberg, DE 99755","Yates, Martinez and Cox",1
Danielle Kirk,35,12403.81,0,4.42,11,7/31/2007 6:39,"20117 Johnson Ports Apt. 914 Jenniferfort, DC 40595",Reeves-Curtis,1
Troy Oliver,40,10041.13,0,7.61,11,7/30/2006 15:27,USCGC Blake FPO AA 66377-6894,Gates Ltd,1
Darlene Evans,44,12721.55,0,5.18,11,4/25/2011 2:53,"950 Christina Viaduct Anastad, IL 03324-2274",Dunlap and Sons,1
Mrs. Sarah Morales,37,8284.89,1,5.6,10,3/25/2009 6:10,"8807 Young Village Joneston, AR 56462","Taylor, Allen and Gardner",1
Laura Pierce,54,10661.48,1,5.16,8,12/26/2011 22:06,"PSC 3912, Box 7208 APO AA 23623",Charles-Branch,1
Carla Ball,45,10793.11,1,4.65,10,12/28/2016 4:07,"754 Shannon Mall South Shawn, AS 29886-0448",Barton Inc,1
Robert Hill,46,9322.44,1,2.69,11,11/16/2010 13:22,"2088 Kelli Way Millertown, MT 37058","Stevens, Harris and Greene",1
Joseph Harrell,44,9814.22,1,5.45,12,1/23/2010 7:15,USCGC Bell FPO AE 94532,"Fitzgerald, Sherman and Lowe",1
Tammy Shepherd,48,11740,1,4.97,11,3/6/2011 1:34,"234 Gonzalez Terrace Santiagohaven, CO 28918-5500",Martin Ltd,1
Kelly Carroll,37,14383.36,0,7.84,10,4/5/2011 0:21,"8268 Baker Rapid Suite 712 Alexiston, TN 05207-2057","Juarez, Pugh and Vargas",1
Heidi Munoz,38,11887.39,0,5.83,12,10/15/2009 17:14,USCGC Mason FPO AA 96632-5067,Mckinney-Rogers,1
Thomas Sawyer,48,10367.08,1,6.45,12,10/6/2008 17:15,"8113 Rodriguez Court Sheribury, SC 88474","Lopez, Kelly and Armstrong",1
Erin Rivera,37,8198.06,1,5.04,12,11/6/2016 1:13,"34727 Randy Prairie Apt. 275 South Pamelashire, AS 63214-4216","Wilkins, White and Martin",1
Raymond Berry,41,7777.37,0,4.81,12,1/20/2014 8:53,"75210 Mark Mill Apt. 397 Donnamouth, MA 40404-7466","Evans, Logan and Wilson",1
Patrick Bell,41,11699.26,0,6.99,12,3/31/2010 14:45,"93345 Monique Tunnel Apt. 431 North Chase, NJ 30518",Clark-Kramer,1
Jason Jones MD,55,16838.94,1,6.66,8,10/5/2007 15:48,"52454 Jessica Passage Apt. 097 Mitchellburgh, AS 30584-9004",Brown-Richardson,1
Jermaine Johnson,36,10484.33,1,8.84,10,4/29/2008 9:07,"4102 Griffin Courts Middletonton, FM 48608","Dunlap, Hughes and Taylor",1
George Archer,37,8736.06,1,5.51,12,12/23/2014 19:38,"5645 Henderson Streets Brandystad, CA 92343",Smith Inc,1
Richard Fields,50,10850.78,1,5.63,9,6/18/2010 7:10,"451 Flynn Streets Morenobury, NE 64722-7132",Brown-Bishop,1
Amanda Roberts,43,8601.01,0,5.65,12,2/3/2007 17:52,"PSC 9561, Box 4071 APO AA 92200-5783",Evans LLC,1
David Kennedy,45,11170.06,1,7.76,10,1/26/2011 19:05,"56990 Laurie Gardens Suite 145 West Tara, OH 24389",Williams-Hoffman,1
Adam Waters,40,11185.62,0,6.26,12,3/6/2006 18:36,"6040 Juan Forge Parrishville, NJ 27948",Reed Ltd,1
Patricia Elliott,36,9793.42,0,5.98,9,11/27/2007 12:24,"9072 Martinez Squares Suite 404 New Emilystad, NH 26441-4895",Ortiz Ltd,1
Summer Haley,43,12524.68,0,5.98,10,5/27/2010 4:46,"312 Wilson Oval Suite 872 East Michaeltown, MN 40127-6212","White, Vargas and Moore",1
Brittany Jackson,50,12682.9,0,4.58,10,9/11/2006 7:07,"082 Roth Island Daniellefurt, DE 69027-7185",Mcdonald-Cooper,1
Shawn Chavez,44,14036.28,1,7.25,10,1/30/2009 1:58,"42028 Hampton Flat Apt. 206 North Samuelburgh, ME 73072","Carter, Murphy and Valenzuela",1
Laura Fleming,41,10179.92,1,5.97,10,2/25/2010 0:17,"7023 Courtney Lodge Suite 935 Coxtown, NE 89508","Knight, Hammond and Mccoy",1
Marcus Garza,46,12772.72,1,6.46,9,7/3/2010 18:56,"06806 Lyons Drive Apt. 864 Port Michaelview, MH 56506","Holland, Jones and Schmidt",1
Heather Murphy,46,12122.19,0,7.53,11,12/30/2015 18:49,"1264 Williams Views Suite 114 Port Isaac, VI 31105-1539","Petersen, Howard and Bowen",1
Jeffrey Hill,40,9922.3,1,5.07,11,9/22/2006 20:58,"97907 Jensen Forge Brianmouth, MH 69993-8000","Williams, Bautista and Carr",1
Amy Griffin,48,4771.65,0,3.77,12,6/19/2007 4:30,"062 Trevor Falls Suite 665 North Mathewchester, MH 93744",Larson-Hall,1
Michelle Hill,42,10827.96,1,4.2,10,11/10/2008 19:35,"45946 Day Springs Mendozastad, NJ 46404","Pierce, Peterson and Maldonado",1
David Rodriguez,38,8642.01,1,4.76,11,8/13/2014 17:14,"7318 Graham Ville Apt. 633 Gibsonview, MI 04337-6720",Walker-Baker,1
Daniel Bartlett,45,6749.49,0,5.88,14,8/19/2006 17:13,"353 Gregory Spur Mariaburgh, KY 66125",Owens Group,1
Cheyenne Rogers,36,6447.99,1,5.52,11,5/7/2009 22:19,"58379 Amber Knoll Blackburgh, MH 69646-4368",Evans LLC,1
Seth Lopez,44,11091.21,0,5.9,10,7/10/2007 15:33,Unit 2311 Box 4695 DPO AA 98374,Hodges LLC,1
Brittany Hopkins,55,5024.52,0,8.11,9,2/10/2010 10:22,"2529 King Knoll Apt. 210 Michelleshire, NH 14266",Dixon-Love,1
Carla Patterson,58,12376.37,0,6.01,12,12/8/2007 8:05,"350 Gregory Isle South Tinaland, WI 44398","Pittman, Watts and Fitzgerald",1
Michelle Holloway,49,12458.8,0,5.04,9,1/21/2013 13:44,"6431 Kimberly Harbors South Dylan, MS 05388-2846","Martinez, Clark and Jackson",1
Kenneth Bryant,47,7222.35,0,6.41,11,6/27/2015 10:57,"274 Randy Ports Apt. 228 Gomezside, KY 96667-1028",Davis and Sons,1
Cody Williams,38,11758.69,0,6.97,11,8/14/2016 18:04,USNS Lewis FPO AE 38853,"Farley, Clark and Peterson",1
Lori Ross,55,8772,1,6.43,10,3/1/2006 20:57,"65806 Dean Plaza Apt. 089 West Jacobfort, AR 83049","Butler, Harrison and Hall",1
David Montes,45,7351.38,0,5.76,11,10/6/2016 23:11,"666 Julie Ports Apt. 094 South Johntown, MO 10168-2804",Watson-Hall,1
Robin Rowe,30,7960.64,1,2.72,10,4/15/2016 12:08,"87953 Fuller Turnpike Apt. 510 Russellstad, MH 32784-9434","Bradley, Mejia and Williams",1
Amber Spears,41,13365.66,1,8.36,9,7/26/2008 3:00,"455 Garcia Via Suite 177 Lake Jefferyside, MN 81187",Gray Inc,1
Kathy Johnson,32,8617.98,1,6.2,10,5/14/2008 16:07,"570 Smith Mountains Hunterview, OK 46533",Jordan-Murphy,1
Thomas Rose,52,11849.13,0,6.8,11,8/18/2012 9:16,"9928 Lawson Court Andersonborough, KS 54353-7605","Lynch, Padilla and Myers",1
Sandra Williams,37,11145.95,1,5.87,11,1/10/2013 10:11,"0728 Melton Avenue Robertville, KY 71675-3667",Baker Ltd,1
Nathan Murphy,42,9577.42,0,5.86,11,1/18/2012 0:52,"34489 Andrew Wells North Charlesport, RI 48537",Deleon Ltd,1
Ryan Weaver,39,10110.4,1,5.78,13,3/10/2009 21:58,"8306 Nicole Lane Moranmouth, PR 36299","Keith, Richardson and Thomas",1
Jennifer King,43,8024.08,0,4.08,12,2/20/2016 7:00,"44850 Dennis Meadows Suite 044 Dariusland, IL 05918","Hunter, Reyes and Rivera",1
Theresa Berry,52,8563.24,0,5.29,11,3/24/2010 16:20,"1733 Theresa Port North Jason, WY 15864",Jones LLC,1
Robin Burke,40,9403.58,1,6.01,9,7/31/2014 1:07,"7225 James Corners Christopherville, OH 19625-4299",Patel PLC,1
Todd Thompson,38,12520.53,1,6.3,11,10/19/2008 9:18,"2779 Dalton Ports New James, AS 59322-0419","Guzman, Johnson and Berry",1
John Thomas,53,13655.59,1,2.05,10,12/24/2013 14:28,"342 Jensen Dam West Kylehaven, PW 89702-0398","Sanchez, Carter and Gross",1
Timothy Johnston,41,12680.46,0,5.92,11,3/29/2010 17:41,"44906 Walker Plaza Sanchezshire, AK 41013-8944","Cole, Shelton and Atkinson",1
Sarah Holloway,45,8429.65,1,7.1,10,8/26/2006 16:40,"099 Lopez Crescent Jamesport, OK 31273",Harrison-Ferrell,1
Scott Chambers,44,11424,1,5.98,10,11/16/2011 6:51,"9525 Allen Camp Apt. 362 West Dawnmouth, GA 04347","Davis, Cole and Thompson",1
Kathryn Ponce,46,13725.55,0,5.09,9,3/4/2006 0:11,"43798 Jones Garden Apt. 027 Monicashire, ND 82344","Cochran, Molina and Higgins",1
Patrick Robinson,47,7396.1,0,4.11,11,3/10/2014 6:51,"753 Sara Fall Lake Erinmouth, OK 02340-4525",Tran-Rodriguez,1
Laurie Green,51,8100.43,1,4.92,13,1/14/2006 1:47,"74631 Kyle Mountain Apt. 268 Andrewmouth, MI 55255","Callahan, Hinton and Murray",1
Amber Hobbs,43,10400.88,0,5.84,10,3/28/2013 20:04,"8044 Bates Spring Jonesborough, LA 63728","Nelson, Ray and Johnson",1
Tina King,40,8625.96,1,6.27,13,8/7/2008 1:50,"80203 Brandon Hill Apt. 353 New Luisport, VA 65076",Franco-Jones,1
David Hess,41,5192.38,1,4.86,11,11/6/2015 3:12,"PSC 1062, Box 1827 APO AA 46087-7414",Johnson-Walker,1
Jose Lee,45,12455.38,0,3.26,11,2/24/2015 14:54,"036 Hunter Heights Suite 701 New Rickey, HI 95539-9622",Nelson LLC,1
Brian Young,49,10522.21,0,7.25,14,11/8/2014 0:40,Unit 6711 Box 7964 DPO AA 27820,Munoz Ltd,1
Erica Flores,38,9624.18,0,5.53,12,12/22/2008 6:09,"421 Kevin Shoal Grahamport, RI 11504",Carey Ltd,1
Brenda Hall,37,11628.1,1,6.83,10,2/20/2010 16:08,"1877 Tara Streets West Sarah, MN 39500",Rosales Inc,1
Dakota Williams,41,13190.3,1,7.38,10,9/12/2012 14:15,"22194 Hernandez Roads Hubbardville, MH 97331-5191","Hughes, Evans and Richardson",1
Tammy Reed,49,13173.8,1,6.36,12,10/9/2007 18:07,"3067 Lindsay Road Apt. 683 Port Jonathan, NY 84626-8850",Russo-Rivas,1
Devin Cook,29,8688.17,1,5.7,9,2/5/2015 11:35,"237 Antonio Lock Lake Christianville, IN 42022",Fleming LLC,1
Joseph Mitchell,40,11434.61,1,8.51,10,11/17/2009 23:38,"3422 Zhang View Estradabury, SC 66970-2923",Lee LLC,1
Brett Allen MD,45,12309.39,1,4.57,11,2/7/2008 15:42,"03559 Rodriguez Prairie Apt. 826 Rachelfurt, ND 85441",Brown-Rangel,1
Daniel Bates,30,10744.14,1,7.16,9,9/13/2008 11:53,"488 Lewis Village Crawfordborough, WY 43563",Hunt PLC,1
Chelsea Ward,43,12104.25,0,5.86,7,9/27/2009 4:12,"5279 Grace Mountain Loriland, IL 83900","Hatfield, Johnson and George",1
Ryan Richardson,45,11599.27,1,4.78,11,11/22/2006 21:46,"31574 Sarah Pine Apt. 359 Harryside, NJ 02405-8870",Cross-Jones,1
Stephen Callahan,42,6635.19,0,6.68,11,7/24/2006 18:29,USS Booth FPO AP 73462,Shaw-Rivera,1
Mrs. Melinda Davila,51,10978.16,1,6.95,11,8/10/2013 2:49,"5843 Byrd Corner Monicaport, SC 44357",Perry and Sons,1
Carla Howell,44,13743.27,0,7.8,11,6/11/2011 0:48,"55353 Barker Burg East Willietown, HI 30805","Edwards, Webster and Gross",1
Eric Kelley,43,10271.19,1,5.31,14,7/19/2011 10:28,"98472 Meghan Mall Port Lauren, LA 49472","Santos, Hoffman and Harper",1
Randy Hayes,43,6715.23,0,4.16,8,2/17/2007 15:33,"PSC 1001, Box 5072 APO AP 43490",Taylor-Vaughn,1
Jeffrey Glenn,50,10199.44,0,5.79,9,10/9/2012 17:29,"6431 Caldwell Spring Port Gregorymouth, VI 76545-9829",Medina-Dominguez,1
Megan Tucker,38,11386.56,0,8.82,9,11/20/2011 17:11,"63080 Christopher Fork Suite 353 Jacobshire, TN 98279-1399",Taylor-Guerrero,1
Michael Acosta,49,12112.53,0,7.31,9,3/3/2012 18:57,"73511 James Skyway Apt. 750 Port Scott, FM 96780",Ward-Bennett,1
Eileen Reyes,34,9228.84,1,5.29,12,11/25/2006 12:38,"0235 Taylor Lakes Suite 365 East Michaelfort, AL 61409-7098",Curtis PLC,1
Mr. Jerome Dawson,36,6330.43,1,5.43,7,8/24/2010 0:52,"675 Jones Viaduct Samanthastad, MT 88716-7510",Oconnell LLC,1
Katie Sutton,40,11611.51,1,5.64,14,6/19/2010 16:02,"564 Amanda Park Apt. 388 Watsonport, NJ 61471-7559",Patrick Inc,1
Dr. Kylie Mccann,37,8397.41,0,5.59,12,6/7/2008 21:35,"150 Steven Center Port Randallshire, SC 42333-2817",Shepherd LLC,1
Jose Kelly,49,9714.47,0,5.7,9,11/4/2014 4:05,"205 Lewis Ports Suite 146 New Lukehaven, NE 61616","Fisher, Torres and Ramsey",1
Nicholas Levy,51,11602.11,1,5.3,10,4/6/2012 10:12,"668 Walker Trace Apt. 580 Samanthaside, FL 56884",Pruitt-Thompson,1
Jennifer Carrillo,35,12871.79,0,4.64,12,3/25/2006 1:04,"659 Robertson Lake Lake Peggy, CT 28993",Ingram-Swanson,1
April Freeman,41,9923.79,1,4.75,13,8/28/2011 3:41,"16914 Oconnell Forge Apt. 477 Atkinsonmouth, MD 32666","Larson, Ross and Ward",1
Hunter Rivera,26,8787.39,1,5.42,11,12/18/2014 19:58,"233 Mark Vista New Russellbury, FL 08810","Tate, Hall and Moreno",1
Travis Ellis,46,12200.31,0,6.62,10,10/20/2010 0:12,"730 Doris Drive Suite 569 Port Adam, KY 42352",Ramirez-Mendoza,1
Tommy Frey,38,8825.87,1,8.97,10,1/6/2008 9:57,"200 Craig Spur Suite 465 Wadeton, NC 47363",Garcia-Owens,1
Nicole Friedman,44,8615.52,0,7.39,9,10/19/2006 23:02,"77755 John River Kendrafurt, MP 02175-9994","Miranda, Summers and Moran",1
James Newman,35,9766.95,1,4.59,13,2/29/2008 14:17,"1317 Dillon Gardens Michaelville, ME 91569-7889","Griffin, Tucker and Lee",1
Stephanie Gonzales,36,11550.29,0,6.46,13,1/13/2014 5:18,"437 Alex Glens Melindaburgh, ID 78010-8240",Young-Dunn,1
Mary Aguilar,50,6244.75,0,4.64,11,12/18/2015 13:28,Unit 6345 Box 0137 DPO AP 41134-6292,Lee-Aguilar,1
Jordan Owens,45,9459.52,0,5.72,9,7/30/2015 2:34,"018 Kristy Mountain Lindseymouth, LA 51400",Reyes PLC,1
Devin Wilson,46,11222.48,0,4.92,9,2/18/2011 18:11,"97426 Carrie Stravenue East Cassandrafort, WV 23196",Cooke Ltd,1
Samantha Fisher,38,14693.45,1,7.01,10,11/2/2011 16:47,"961 Wright Plains Kimberlyborough, AL 59809","Morris, Owens and Sullivan",1
Monique Medina,49,15005.43,1,5.27,12,7/27/2012 0:30,"22013 Matthew Square Johnsonland, LA 27505-9242",Martin-Harris,1
Nathan Gross,42,10276.33,1,6.54,11,7/1/2007 5:53,"1136 Beasley Mountains Apt. 622 Smithton, UT 09411-9465","Robinson, Brown and Stephens",1
Douglas Joseph,44,8474.11,0,6.61,14,10/1/2012 8:10,Unit 9630 Box 8710 DPO AP 69319,Clark PLC,1
Elizabeth Moore,47,8235.74,1,6.2,10,10/23/2007 5:18,"582 Kimberly Lodge Apt. 082 East Victoriastad, NH 73555","Young, Porter and Hill",1
Adam Gomez,48,6495.01,1,5.57,12,2/6/2013 5:15,"2889 Coffey Parks Browningmouth, VT 14924-9744",Thompson Group,1
Timothy Harvey,45,8099.29,1,5.66,10,6/10/2008 14:07,"6596 Ronald Union West Courtney, ND 47185","Scott, Ward and Brown",1
Adam Strong,50,11775.75,1,4.83,10,2/6/2011 15:02,"33071 Melody Isle East Matthew, WV 08980-8853",Harvey-Mcdowell,1
Charles Whitney,39,8667.02,0,6.82,10,10/23/2009 10:27,"8006 Erin Pass Apt. 415 South Karen, LA 27331-0907",Christensen-Mccann,1
Lisa Davis,55,9000.31,1,6.78,10,5/23/2008 1:04,"PSC 5306, Box 1682 APO AP 03229",Obrien PLC,1
Jacob Escobar,50,14398.89,1,5.54,12,11/13/2007 17:10,"4182 Mercer Plains Apt. 624 New Lindsey, WA 84468",White-Dennis,1
Douglas Padilla,38,10863.05,1,5.59,11,4/28/2008 1:11,"063 Andrew Harbor New Kathleenbury, AR 48898",Martinez Ltd,1
Russell Bauer,38,7287.57,1,7.39,11,4/22/2007 6:22,"83221 Hendricks Highway Garciastad, OR 20046-4343",Chambers-Simmons,1
Jessica Horton,43,6992.09,1,6.84,11,4/21/2010 18:41,Unit 7652 Box 7117 DPO AP 06955-1878,Jackson Group,1
Alexis Hill,39,6351.79,0,5.86,6,3/24/2012 16:13,"335 Dyer Shoals Port Patricia, PR 84461-1647",Campbell and Sons,1
Heather Hickman,31,11297.57,1,6.23,10,3/17/2015 22:32,"7259 Brown Street Apt. 385 Monicaport, GU 05916-8374",Moore LLC,1
Steven Stevenson,52,7460.05,0,5.39,12,10/17/2013 21:48,"61756 Walls Ridges East James, IA 34568",George Inc,1
Hailey Sanchez,41,14429.41,1,5.51,11,9/29/2007 0:43,"78018 Ariana Crest Suite 467 North Tamara, IA 84527",Evans-Wagner,1
Randall Weber,34,12983.26,1,6.53,13,10/14/2007 20:54,"447 Lane Street Apt. 689 East Christopher, MI 80796","Torres, Villanueva and Velasquez",1
Anna Bryant,39,8801.86,1,4.43,10,3/18/2007 11:14,"30668 Isabella Freeway Suite 428 Lake Kellyhaven, MP 89074-5017",Bennett Inc,1
Robert Russo,58,9703.93,0,5.16,11,3/2/2010 16:11,"976 Thomas Garden Lake Chad, DC 12638-0139",Hanna-Leonard,1
Tara Burton,49,11177.08,0,4.44,12,1/7/2008 5:11,"713 William Loaf New Christopher, DC 71560-8742",Reed-Fields,1
Yvette Perry,41,8560.76,1,3.99,12,5/9/2015 18:48,"83457 Davis Flats Morachester, GU 52752",Moore and Sons,1
Michael Williams,35,15571.26,0,6.45,9,12/2/2011 20:13,"5728 Michael Rue Riosland, NY 38804-1415",Petty and Sons,0
Connie Golden,39,10268.87,1,3.68,6,8/19/2009 18:52,"3324 Gomez Knolls Suite 591 Farmerchester, LA 37647",Brown-Wagner,0
Seth Griffin,44,12328.03,1,4.6,9,8/29/2006 2:24,"9436 Warner Mill Suite 265 Port Kenneth, OH 00175-5756",Williams PLC,0
Rachel Cherry,52,9782.83,0,3.96,7,4/17/2012 10:47,"3479 Stewart Way Sandersside, ID 69317-8759","Bishop, Tran and Pope",0
Robert Sanders,29,9378.24,0,4.93,8,8/6/2015 22:29,"8199 Christopher Tunnel Suite 537 Warnerside, IN 29023-3624","White, Jones and Nelson",0
Chris Sutton,37,10314.67,1,5.86,8,6/22/2016 19:20,"858 Booth Points South Davidside, AZ 92136-1145",Collins Ltd,0
Kenneth Alexander,30,8403.78,1,4.13,7,6/28/2006 9:26,"032 Jorge Trail Apt. 091 Brianmouth, ID 23964",Torres Inc,0
Jason Taylor,46,5570.45,0,2.23,7,5/1/2012 6:20,"693 Kevin Groves Apt. 158 Debramouth, NV 73809","Moore, Nichols and Miller",0
Dennis Morgan,43,8042.76,0,4.95,8,4/29/2006 20:25,"00103 Jeffrey Crest Apt. 205 Padillaville, IA 90755","Barry, Jordan and Hall",0
Penny Perez,44,10309.15,1,6.35,9,1/10/2006 18:04,"725 Stephanie Springs Apt. 350 South Brianbury, MP 98006",Davis-Travis,0
Erin Gilbert,35,12357.31,0,5.03,10,8/6/2014 19:11,"7098 Vicki Lane Suite 339 South Dominic, NM 43022-5425","Ware, Williams and Hill",0
Sean Macias,47,11306.1,0,6.01,7,7/2/2006 23:47,"911 Kent Point Anthonytown, KS 47499",Jimenez Group,0
Christina Lewis,32,13630.93,0,4.38,10,1/3/2014 0:55,"273 Alexander Burg Suite 754 New Alexandrachester, DE 41261-1457","Thompson, Shelton and Pena",0
Lori Jackson,36,12284.58,1,5.7,9,12/7/2015 10:18,"19131 Robinson Mission Apt. 384 Smithview, AS 99303",Webb PLC,0
Mark Murray,39,8930.49,1,5.71,10,12/10/2014 9:22,"3444 Delgado Squares Apt. 967 Pageville, MI 59677",Lawson Inc,0
Dana Lewis,43,10578.14,0,1.87,10,5/28/2008 8:06,USNV Soto FPO AA 90235-3866,"Murphy, Park and Boyer",0
Dr. Michael Contreras,45,10364.82,0,5.93,5,8/22/2016 5:47,"53891 Paula Corners Apt. 946 West Michael, ME 42796-1668",Holt-Rogers,0
Rebecca Rasmussen,33,7750.54,1,4.57,8,7/19/2012 13:34,"PSC 2978, Box 1358 APO AP 49912-3876",Rodriguez-Flynn,0
Melanie Turner,48,10963.5,1,5.89,9,3/7/2008 10:48,"3987 Douglas Garden South Amanda, LA 99160-1676",Gates Ltd,0
Jeffery Ferguson,32,12547.91,0,7.78,10,12/22/2011 17:51,"1599 Rush Crescent Apt. 982 Bowmanchester, TX 33118-6129",Watts Ltd,0
Brenda Haley,41,14069.41,1,1.62,10,10/14/2010 7:46,USS Barr FPO AE 09092,Forbes LLC,0
William Taylor,44,9723.71,0,4.34,9,6/30/2012 10:01,"499 Contreras Estates Suite 640 Tylertown, NY 97261",Stewart Inc,0
William Lyons,43,6298.75,1,4.51,9,3/26/2015 0:41,"2758 Williams Heights Apt. 571 Colleenton, AK 36124-5765","Brown, Conner and Torres",0
Bobby Christian,35,12107.03,0,5.82,9,3/12/2011 7:37,"PSC 8568, Box 1611 APO AA 56585-0874","Freeman, Lam and Jenkins",0
Victoria Medina,43,11674.12,0,2.88,8,10/24/2012 2:46,"816 Jeremy Bridge Apt. 543 New Michelleville, VI 50678",Walters-Sanders,0
William Haney,56,12502.81,0,5.47,8,8/9/2007 17:54,"143 Andrea Flat Lake Michael, ID 33149","Powell, Erickson and Rush",0
Alan Gray,29,9617.59,0,5.49,8,2/19/2013 3:23,"9278 Jenna Ways Apt. 628 West Ryan, AZ 06819-5978",Mendoza Inc,0
Jessica Johnson,36,13472.79,1,4.77,8,2/14/2006 22:16,"PSC 8132, Box 3379 APO AA 45232-2030",Young and Sons,0
Joshua Tran,49,9805.7,0,4.86,9,4/29/2011 16:53,"7774 Gonzalez Camp Suite 326 Lake Nathan, CA 46393-3674",Harris Group,0
Lisa Harmon,31,11743.24,0,5.3,6,6/6/2010 5:12,"2190 Fox Mountains North Jennifer, WV 75027-6097",Le LLC,0
Stephen Jenkins,30,12788.37,0,4.31,10,8/22/2009 20:21,USNV Perry FPO AE 07826-0914,Everett-Taylor,0
Misty Tate,40,5218.49,0,3.8,10,11/16/2006 4:13,"12915 Jeffrey Canyon Blackshire, AS 18084",Soto PLC,0
Isaiah Noble,44,10526.18,0,7.67,9,9/21/2009 12:50,"08820 Foster Via Suite 564 Barkerview, ME 82495-3527",Taylor-Bradley,0
Jeff Davis,43,8583.5,1,4.39,10,8/23/2014 3:44,"115 Andrews Vista South Kristinchester, SD 82774-5194","Klein, Dalton and Doyle",0
Stacey Harding,39,11008,0,4.42,8,12/22/2007 13:07,"454 Sara Ways New Brandistad, AL 82361",Robinson-Koch,0
William Perkins,42,9625.89,1,5.84,9,2/3/2014 0:37,"54740 Jeffrey Place Apt. 914 Amandaland, MI 87447",Mills-Howe,0
James Contreras,46,11119.11,1,3.51,14,12/8/2008 9:23,"10454 David Greens South Jenniferbury, FM 87283-5336",Taylor-Robbins,0
Brian Morse,46,9982.55,1,4.75,7,5/5/2009 4:56,"7865 Gutierrez Expressway Suite 948 Tiffanyside, AR 59662-2367",Robinson Inc,0
Jennifer Hernandez,39,11159.46,0,3.95,11,8/23/2010 13:43,"1526 Jessica Corner Suite 592 Lindsayshire, OH 56989-0550","Howe, Carpenter and Washington",0
Heather Figueroa,36,12668.26,0,4.54,12,6/27/2007 2:09,"945 Blankenship Plain Suite 062 East Christopherville, MI 15647-1190",Martin and Sons,0
Russell Marks,38,9087.9,0,2.7,10,2/10/2015 10:17,"310 Taylor Walks Apt. 649 Lake Shane, MD 23982",Mcknight and Sons,0
Riley Gill,41,9091.21,0,4.55,11,10/20/2007 8:11,"30353 Amber Extension Apt. 202 Austinberg, VA 89084","Robertson, Young and Mcfarland",0
Brian Love,44,8755.02,1,5.71,8,6/15/2010 2:58,"43677 Smith Mission Meganview, VA 54055",Quinn and Sons,0
Lauren Walker,37,6362.93,1,6.8,7,8/2/2007 2:34,"599 Graham Courts North Katherine, WI 92642",Young-Newman,0
Melanie Bender,48,13189.35,0,3.25,7,1/18/2006 3:29,"007 Shaw Trafficway Patrickstad, PA 29094-0827",Richardson-Keller,0
Samuel Castillo,47,10584.71,0,6.05,8,4/14/2006 4:20,"63139 Kristin Locks Suite 522 Lambton, WI 60723-5177",Jimenez-Thompson,0
Ashley Soto,49,9853.64,1,6.95,6,1/1/2012 21:48,"275 Thompson Street Lake Nathan, AS 67338-1025",Brown Inc,0
Adriana James,36,10448.09,0,4.13,8,4/9/2016 9:02,USNV Ferguson FPO AP 58507,"Doyle, Butler and Coleman",0
Andrea Salas,42,11473.38,1,2.87,10,3/19/2015 22:32,"308 Graham Corners Valeriehaven, SC 12062",Blackwell PLC,0
Erik Johnson,39,8986.28,0,4.36,8,12/12/2007 11:10,"6987 Weiss Flats Apt. 770 North Maria, MS 98836-9686",Lewis Group,0
Christopher Whitehead,33,13314.19,0,5.45,9,1/10/2007 1:47,"323 Farmer Cape Apt. 744 Jonathanfort, NJ 29387-2732",Harvey-Mckay,0
Casey Mcdaniel,41,9918.77,0,4.02,10,3/4/2016 4:04,Unit 5523 Box 7609 DPO AA 77484-6339,Bishop and Sons,0
Jeremiah Lee,45,12783.21,1,4.47,10,12/2/2015 8:14,"03538 Gonzalez Forges Hamiltonbury, CA 87284",Snyder PLC,0
Jennifer Patterson,46,7026.18,0,6.3,8,1/31/2012 23:08,"01546 Jared Key Justinview, OR 04118-6027","Carlson, King and Murray",0
Lawrence Morton,48,9706.88,0,6.45,8,8/24/2006 18:32,"0434 Douglas Ridge Suite 884 Raychester, DE 82008",Clark LLC,0
Jeffrey Hunt,42,10236.95,1,5.71,8,12/11/2013 11:20,"479 Samantha Groves Suite 505 Morrowshire, CA 94582-2855",Garcia Group,0
Gina Richardson,33,13157.08,1,5.04,10,8/14/2006 9:24,"44577 John Keys Robertview, FL 73433-8410",Murphy Inc,0
Richard Farmer,44,8588.46,1,7.77,8,5/7/2012 9:58,"115 Courtney Springs Suite 396 Jenniferland, IL 43853-4718","Schroeder, Hines and Thompson",0
Brian White,48,7778.73,1,4.18,8,1/9/2013 6:06,"PSC 1209, Box 3739 APO AE 03896","Martinez, Ochoa and Jennings",0
Richard Meadows,42,10268,0,5.33,6,9/14/2007 4:40,"64425 Brittany Common Joycechester, NE 85166-7648","Thompson, Rojas and Moore",0
Omar Moore,34,9845.35,0,4.82,7,12/4/2008 20:34,"960 Joseph Landing South Philip, MH 88524-5021",Ortiz-Nixon,0
Tasha Reed,37,11912.13,0,5.67,10,2/19/2011 18:04,"575 Kara Shores Anthonyburgh, VT 30056",Price Group,0
Albert Clayton,33,12115.91,1,5.5,9,8/9/2010 0:14,Unit 6274 Box 5329 DPO AA 54598,"Mann, Roberts and Hoffman",0
John Mejia,35,10801.37,1,5.64,11,12/4/2014 7:09,"1159 Charles Mountain Elainechester, ND 45109",Adams-Crawford,0
Diane Terry,53,13173.82,0,5.26,7,10/15/2007 3:45,"543 Bell Ranch Apt. 002 Kevinfurt, ID 14051-9447","Walton, Barnes and Simon",0
Christina Maldonado,49,9940.76,0,5.72,11,8/28/2006 11:16,"483 Douglas Club Apt. 632 Port Valerie, PW 88649-6413","Moreno, Green and Moreno",0
Kathryn Malone,46,12261.79,1,3.72,10,2/17/2010 15:02,"52750 Roberts Via Stephenstad, ME 82199-5372",Stewart-Nichols,0
Cynthia Burns,47,12987.28,0,5.86,10,8/30/2007 7:15,USCGC Gould FPO AP 18053-9165,"Perez, Miller and Mcdowell",0
Christina Reed,51,4523.91,0,3.98,8,3/6/2013 1:02,"53000 Mary Bypass New Markbury, IL 60012-4197",Atkins Group,0
Brittney Stokes,41,6172.23,0,4.28,8,11/11/2013 4:06,"1045 Kimberly Avenue South John, AR 19601",Hood-Webb,0
Mary Griffin,49,6283.67,0,6.35,11,1/7/2007 4:15,"91062 Michelle Underpass Lloydmouth, ND 88737",Mathews-Clark,0
Carla Wolfe,48,7232.06,1,4.9,6,11/21/2009 12:47,"67507 Brittany Prairie Apt. 279 Solisborough, VA 81388-7017",Ross Group,0
Emily Little,35,6683.82,1,7.82,7,5/6/2015 23:55,"1779 Jessica Glen West Tylerport, VT 62988-2923",Moore PLC,0
Jason Santana,39,9408.96,1,3.83,4,9/30/2011 6:15,"8072 Kathy Harbors Apt. 845 Normanburgh, MA 46572-1532",Gonzalez LLC,0
Willie Proctor,47,8291.93,0,4.47,7,4/28/2012 20:15,"62726 Tracey Passage Apt. 685 South Brittany, RI 28461",Schmidt Group,0
Todd Harris,41,10017.82,0,6,8,9/10/2012 22:22,"28501 Shawn Village Apt. 894 New Jasonhaven, WY 35010-3731","Henry, Warren and Lyons",0
Kimberly Nichols,38,7320.49,0,1.58,10,1/16/2008 23:56,"4920 Byrd Ford Danielbury, VI 04457",King-Rodriguez,0
Derek Russell,43,8817.29,0,3.19,8,5/28/2010 12:49,"2445 Jean Row Vasquezbury, RI 25867-8317",Hartman-Smith,0
Robert Huff,36,8948.86,0,7.37,10,12/5/2010 10:46,"36802 Wallace Parkways Jacquelineland, IL 81451","Carlson, Guerra and Daniel",0
Kelly Terry,45,3689.95,1,5.01,11,10/9/2014 10:05,"3798 Johnson Gardens Hughesside, PR 65467","Ellis, Johnston and Sullivan",0
Francisco Martinez,52,8185.22,1,5.76,8,10/12/2016 21:52,"842 Hebert Wells Suite 823 North Tina, WI 75284-1996","Washington, Watson and Jarvis",0
Jason Garcia,43,9347.89,1,4.17,8,1/19/2009 11:50,"751 Robert Lock Suite 515 Smithmouth, KS 83199-2220",Reid and Sons,0
Daniel Johnson,42,12888.85,1,4.79,8,3/30/2010 4:37,"01614 Parker Garden New Patricia, SD 99014",Turner and Sons,0
Gregory Blake,41,5387.41,1,4.17,8,3/26/2013 16:02,"25024 Rasmussen Haven Port Brendantown, UT 25626-9953","Brooks, Sutton and Castro",0
Richard Odonnell,38,7605.49,0,6.99,10,3/13/2014 19:27,"0297 Mendoza Motorway Lisastad, IN 31184-3807","Lewis, West and Snyder",0
Monica Espinoza,45,8480.93,0,4.57,9,6/26/2009 10:22,"602 Jennifer Brook Suite 753 North Alison, NJ 24477","Pratt, Carter and Lopez",0
David Hansen,29,11274.46,1,4.43,8,3/31/2014 7:43,"742 Ortiz Street Apt. 568 Robertland, AS 94732-7050","Crawford, Scott and Smith",0
Elizabeth Chandler,43,13116.73,0,3.57,9,4/15/2006 3:59,USNS Garcia FPO AA 23264-4875,Morris Inc,0
Michael White,32,7896.65,0,7.12,8,10/17/2015 17:47,"48465 Susan Summit Suite 561 Hawkinston, WY 60818",Hawkins-Mckay,0
William Pacheco,36,12086.92,1,5.52,6,3/11/2008 20:48,"PSC 6149, Box 2267 APO AA 69767-2977",Wilkerson-Miller,0
Dr. Brandon Adams,42,10500.77,0,5.68,6,6/22/2013 6:20,"93971 Jacob Flats Port Shannonton, IN 95823-2039",Friedman-Carroll,0
William Burns,38,7673,1,7.42,7,2/25/2006 19:40,"432 Allen Station North Rebecca, MA 78424-2850","Santos, Hughes and Miller",0
Jack Ortega,42,14242.7,0,5.79,10,6/9/2009 7:44,"49625 Joseph Mountain West Brandon, AL 19037-8797",Anderson-Evans,0
Jonathan Cooley,40,6590.63,1,4.52,7,3/12/2012 14:56,"3012 Kimberly Lights West Teresa, CA 83239",Larsen-Johnson,0
Erin Norris,37,15070.32,0,6.91,6,1/2/2016 16:43,"081 Randy Crest Apt. 821 South James, LA 27688-1775",Garcia LLC,0
Michael Grant,37,13717.41,1,6.5,7,3/31/2014 8:16,"2978 Luke Cape Tracyfort, NJ 87595-8510","Flores, Davis and Duncan",0
Connor Knapp,41,9219.95,1,5.21,10,9/21/2015 16:18,"7805 Kerri Route Marystad, UT 08020","Smith, Simpson and Wolf",0
Megan Jenkins,65,10430.5,0,6.5,6,3/10/2013 14:36,"3462 Teresa Falls Apt. 035 Charlesview, MS 09689-7606",Bates-Ramos,0
Sarah Hall,45,5200.06,1,6.33,8,5/5/2014 13:36,"3930 Baker Square North Michaelside, PR 98680",Sanchez-Brown,0
Tony Schneider,43,11197.42,1,3.48,9,4/30/2009 13:55,"329 Pierce Place Apt. 176 North Tammybury, WV 17594",Harper-Noble,0
Karen Peterson,45,13650.64,0,4.96,8,4/5/2010 2:15,"1721 Diana Canyon Suite 811 Dukemouth, NC 04129-3149","Moore, Donaldson and Stevens",0
Tiffany Case,42,7351.72,0,5.26,9,9/26/2015 1:05,"0792 Denise Lodge Apt. 903 Jenniferchester, HI 96154-9657",Clark Inc,0
Mary Sanchez,33,10306.21,1,6.36,9,12/20/2011 17:01,"073 Joseph Knolls Apt. 112 West Mary, NV 59877","Smith, Wright and Price",0
David Moran,37,10147.22,0,6.63,8,7/2/2014 6:46,"278 Barbara Divide Suite 780 North Elizabeth, SC 44587-8722","Harris, Mcdonald and Johnson",0
David Lopez,48,10528.71,0,5,9,9/17/2007 5:36,"1630 Robert Points Apt. 793 East Jonathonberg, NH 78592-4122",Good Inc,0
Cynthia Nguyen,41,10054.6,1,4.93,6,4/28/2015 16:20,"PSC 5666, Box 1288 APO AE 26505",Sullivan-Weaver,0
Brittany Smith,45,8595.24,0,6.4,10,11/8/2012 6:43,"151 Sara Springs Lake Davidside, AK 46384-8806",Patrick-Walker,0
Laura Smith,45,6681.61,1,5.6,8,6/16/2010 21:05,"1723 Galloway Groves Apt. 026 Timothystad, PR 36052-9128","West, Gonzales and Shields",0
Michael Dominguez,29,10203.18,1,5.82,8,1/3/2014 23:18,"3043 Walters Loaf Suite 575 Christophermouth, TN 25692",Guzman-Hunter,0
Paul Wagner,42,10427.12,0,6.64,10,6/4/2011 23:57,"49936 Colleen Stream Port Elizabeth, MN 80287-5385","Santos, Jackson and Guerrero",0
Calvin Coleman,39,10388.38,0,5.1,7,7/9/2013 16:29,Unit 9127 Box 5819 DPO AE 24161,Stark-Clarke,0
Lisa Burton,39,9353.38,0,4.06,7,2/4/2014 2:19,Unit 9800 Box 2878 DPO AA 75157,Smith-Alexander,0
John Gonzales,42,11756.06,0,4.88,8,7/31/2014 14:15,"3880 Denise Curve South Christopher, NC 79432","Martin, White and Hernandez",0
Linda Hubbard,40,12295.95,1,5.69,11,1/8/2010 23:22,"8983 Benjamin Run South Kelseytown, AZ 03915",Vincent Group,0
Rachel Hull,40,7819.46,1,4.77,9,7/3/2014 11:47,"02794 Edward Summit Suite 660 Victoriahaven, TN 44165",Taylor LLC,0
Tracy Ray,34,10674.92,1,3.09,9,8/15/2006 20:48,Unit 3715 Box 1153 DPO AA 36768-7501,Wise Inc,0
Sarah Bailey,37,10989.43,0,6.62,10,7/14/2013 15:25,"56493 Becker Stravenue Suite 006 West Anna, MS 49275",Spencer and Sons,0
Aaron King,46,7504.79,0,5.98,8,5/13/2007 20:42,"38346 Smith Prairie Arnoldside, MD 33861-4885",Hernandez PLC,0
Bradley Washington,46,9306.05,0,5.35,7,1/1/2016 18:31,"149 Paula Divide Vazquezfurt, MN 57597-1890",Smith and Sons,0
Holly Caldwell,37,11523.63,1,3.56,7,10/29/2014 11:21,"020 Amy Groves Suite 845 Phillipsport, AL 40594","Spencer, Young and Shaw",0
Cheryl Bruce,44,9613.84,1,4.38,8,6/18/2014 19:25,"PSC 5054, Box 2004 APO AP 20629","Oconnor, Hernandez and Bailey",0
Megan Flynn,48,13298.38,0,2.99,8,12/6/2015 16:55,"86354 Brenda Manor Port Stevenmouth, NC 39915","Smith, Shelton and Williams",0
Amanda Williams,37,8614.75,0,5.03,9,7/7/2011 15:43,"79676 Johnson Villages Apt. 089 Reyesstad, DC 78510",Jones-Fisher,0
Amy Morris,45,9951.97,1,4.4,6,4/1/2015 19:58,"017 Gutierrez Fork New Benjamin, VA 99400","Patel, Smith and Campos",0
Teresa Garcia,46,11343.33,1,3.69,8,9/20/2012 5:52,"2374 Jackson Walks Larryberg, PW 89438-7588",Ibarra and Sons,0
Thomas Mcintosh,38,10026.44,1,6.85,9,1/12/2014 2:04,"510 Alexander Pike New Scottfort, NV 46217-8559",Garrett Ltd,0
Justin Friedman,38,8473.65,1,4.78,7,11/29/2010 19:37,"9195 Erin Terrace Suite 818 Lake Feliciaberg, NV 64016-8747",Garcia-Johnson,0
Whitney Beasley,42,12989.06,0,5,10,3/15/2010 16:50,"PSC 3448, Box 5424 APO AE 92778-0504",Knight Inc,0
Beverly Perry,38,12893.47,1,5.69,5,11/20/2012 5:53,"3145 Cruz Mill North Deborahstad, AR 02085",Mathis Ltd,0
David Sweeney,34,7324.32,0,6.69,10,12/16/2014 2:23,"755 Ashley Motorway Suite 227 West Rachel, NH 67933-7552","Adams, Dominguez and Vasquez",0
Amber Williams,40,8530.23,1,3.66,10,3/2/2012 18:33,"2896 Diana Spur Suite 985 New Tami, IN 56915","Lee, Daniels and Ryan",0
Lisa Murray,46,10675.86,0,3.33,7,12/6/2014 22:07,"943 Briana Circles Lake Joseph, UT 22842-6913","Herring, Lee and Taylor",0
Jose Hoffman,43,10300.24,0,6.44,8,6/15/2008 13:51,"244 Johnson Court Lake Justin, MD 66889-8251",Rice PLC,0
Regina Kirby,41,10921.54,0,5.07,3,9/4/2015 11:32,"310 Amy Underpass Suite 089 Lake Kevin, DC 23138-4553",Schaefer-Berry,0
Shawn Ramirez,42,10527.52,1,8.42,8,2/3/2008 2:07,"7873 Trevino Tunnel Angelamouth, AZ 84280","Gilbert, Bennett and Lindsey",0
Ruben Thomas,44,8338.05,0,6.57,11,2/15/2008 18:36,"919 Bennett Gateway Russochester, SC 57606",Cohen-Rodriguez,0
Austin Palmer,36,9593.71,0,3.98,6,3/21/2009 0:05,"85112 Raymond Ridge Suite 934 East Christinachester, CO 33248",Lynch-Davies,0
Anthony Hall,46,11537.69,1,6.37,7,1/24/2011 7:40,"0910 Bell Mount West Lindseyview, MS 35802",Kelly Group,0
Richard Gardner,35,12936.64,1,3.73,6,7/31/2010 2:11,"617 Diane River Lake Jillianton, TX 91296-2338",Alexander-Reed,0
Destiny Morales,40,8815.24,0,5.63,9,11/15/2012 4:23,"108 Oscar Rapids Port Vanessa, KY 23348-6290","Martin, Flores and Graham",0
Brittany Murphy,42,12300.94,1,6.89,10,6/19/2007 9:53,"892 Elizabeth Mission Apt. 511 West Leslieville, WA 98000-6023","Schmidt, Johnston and Kaufman",0
Tony Soto,35,11830.36,1,4.41,6,10/1/2006 16:57,"227 Jennifer Park Smithbury, TN 22659-9788",Nichols-Wade,0
Sharon Torres,36,14715.53,1,5.73,9,1/31/2014 0:05,"983 Carl Run Apt. 446 West Christina, NM 45895","Blanchard, Hawkins and Torres",0
Brenda Fuentes,44,9214.98,1,6.44,7,3/4/2016 14:24,"443 Shari Plains Apt. 479 Tiffanyside, TN 88122","Boyd, Jennings and Gutierrez",0
Rodney Evans,49,8092.13,0,6.32,5,10/22/2011 19:12,"025 Ricky Ford East John, AS 71101-1423",Simmons Inc,0
Robin Woods,41,12008.34,1,4.94,7,12/24/2009 12:36,"404 Joshua Estate Apt. 074 Jacobsonside, CT 88758-3164",Bright PLC,0
Jennifer Anderson,38,11803.58,1,6.97,6,12/15/2015 11:48,"521 Charles Lakes Lake Michaelland, NE 42708","Stewart, Sanchez and Valentine",0
Tabitha Love,37,13498.28,1,7.06,9,11/23/2007 13:38,"8308 Rhodes Crest Apt. 745 Beckyfurt, KS 20974-1928",Stein PLC,0
Diana Carroll,46,9601.95,0,5.9,9,8/10/2011 4:56,"3270 Barnes Station Suite 780 Lake Blake, TN 43554-9146",Rubio-Humphrey,0
Matthew Jacobs,54,13184.51,0,6.04,8,3/20/2013 17:57,"507 Harris Summit East Kevin, WY 06036-0197","Nichols, Carter and Goodman",0
Rebecca Prince,36,4690.57,1,5.41,8,1/25/2012 0:45,"209 Daniel Springs Suite 388 Port Courtneybury, PW 27640-7474",Sandoval-Mcgrath,0
Eric Smith,37,11416.56,0,6.06,6,4/3/2006 4:29,"166 Julie Vista Apt. 132 Lake Sarahborough, HI 29875",Thomas-Curtis,0
Jeffrey Hernandez,56,9940.54,1,6.57,7,3/4/2014 7:00,"2739 Jackson Mission Rojashaven, WI 86960",Thompson-Elliott,0
William Newman,35,13680.25,1,5.79,9,10/7/2011 15:43,"3785 Duran Lodge Port Nicholashaven, MH 08892-1815",Williams-Charles,0
Ashley Smith,29,5900.78,1,5.56,8,9/19/2007 6:55,"663 White Tunnel Suite 995 Port Joseph, PR 93959-2444","Jones, Reyes and Cross",0
Sandra Mcintyre,36,10339.05,1,6.88,7,8/2/2010 9:34,"10676 Ferguson Ranch Suite 380 Lake Parker, OH 23498",Cowan Inc,0
Robert Joseph,46,11538.57,1,7.93,10,4/3/2015 16:15,"95222 Lisa Turnpike South Laurenburgh, NC 33273-8443",Cortez Inc,0
George Chavez,43,7178.92,1,5.32,8,12/15/2007 0:13,"63837 Jessica Valleys Apt. 645 East Jasmine, WV 26260-6871","Rodriguez, Moore and Cunningham",0
Joshua Walters,51,8840.51,0,2.7,7,8/28/2012 14:56,USS Mcdonald FPO AA 93590,Bennett Ltd,0
John Howard,47,14154.26,0,4.73,9,8/19/2012 15:56,"PSC 9026, Box 5801 APO AE 43474",Cantu Inc,0
Deborah Howell,42,10583.76,0,6.51,9,8/18/2006 5:47,"9609 Harper Dale New Danieltown, AR 80238-4616",Ortiz Ltd,0
Terry Diaz,46,11401.63,0,6.13,5,6/30/2014 15:46,USNV Rose FPO AP 67907-1654,"Charles, Cruz and Marshall",0
Roberto Gonzales,41,7495.6,1,6.57,8,11/29/2009 8:47,"13697 Hale Burgs Apt. 574 Jamesfort, UT 03958-6187",Davis and Sons,0
Jesse Mitchell,36,8878.96,1,4.66,9,6/24/2016 8:32,"4563 Rebecca Rest Lisaville, GA 03268","Dunn, Hopkins and Adams",0
Linda Allen,37,11111.59,1,6,7,11/1/2013 0:22,"9111 Harris Throughway Roblesfurt, MA 91589",Butler-Alexander,0
Heather Hernandez,42,8519.64,0,3.99,8,3/1/2006 7:20,"6815 Andrea Isle Lindseyborough, OR 26077-2763","Carr, Esparza and Flores",0
Ryan Chapman,44,12361.42,1,3.7,10,11/13/2014 21:11,"PSC 3188, Box 1421 APO AA 49368-5290",Williams Ltd,0
Anthony Mooney,41,9014.9,1,4.45,7,11/19/2010 4:30,"9131 Russell Court Suite 160 South Michellefurt, PW 79597",Knight-Price,0
Timothy Henry,42,6081.5,0,3.73,8,4/22/2011 16:14,"73765 Crystal Terrace Apt. 641 Ramirezfort, GU 82626-0948","Norris, Chavez and Martinez",0
Vanessa Hayes,43,10944.65,1,2.62,9,6/24/2010 21:15,"820 Kristin Lock Suite 348 Emilyhaven, WI 45502-8866",Casey-Stevens,0
Timothy Jacobs,40,11764.35,1,5.54,9,9/16/2006 5:57,"835 Potter Field Apt. 413 Port Kristina, IL 58467",Lawson-Jones,0
Austin Melendez,44,12155.91,1,4.11,5,7/30/2009 18:11,"697 Mcdowell Pike Lake Phillip, LA 32009-7853","Carlson, Ramos and Johnson",0
Brittany Green,41,11971.75,1,5.38,7,2/13/2011 18:26,"1241 Wiley Motorway Prattchester, TN 32961-5246","Smith, Stein and Mueller",0
Michael Perry,41,14080.95,1,4.61,7,6/9/2015 20:51,Unit 2093 Box 1530 DPO AA 53596-7800,Stone PLC,0
Theresa Martinez,41,6204.86,1,6.08,8,5/12/2016 17:50,"21267 Nixon Coves Moorestad, NH 93322-8817",Howell-Valdez,0
Jessica Gutierrez,39,4994.48,0,5.02,8,7/29/2016 12:56,"0347 Glenn Springs Kellyview, GU 58381-4038",Moreno-Sharp,0
James Franklin,36,11047.43,0,5.98,8,4/11/2006 5:00,"399 Herbert Key Port Thomas, PR 14265","Wright, Myers and Garcia",0
Julie Francis,40,12925.64,0,4.04,7,3/16/2013 6:25,"6656 Edward Manors Apt. 704 Flynnshire, GA 70372","Frank, Knox and Robinson",0
Marissa Nguyen,36,8233.25,1,4.35,7,8/24/2013 22:54,"8541 King Spur Suite 184 Aliciafurt, AZ 39457",Mueller LLC,0
Marie Bauer,39,9282.33,0,4.52,11,4/8/2009 21:56,"8923 Nunez Cove Apt. 302 New Allisonmouth, MP 01493",Bell-Kelly,0
Thomas Brown,46,13383.25,1,5.27,9,4/6/2010 23:18,"5098 Daniel Village Apt. 434 North Josephmouth, NJ 26103-2939",Brown-Estrada,0
Julie Moore,40,8911.91,0,6.99,10,11/20/2014 15:27,"67368 Karen Ford Suite 722 Gonzalezfort, MH 57379-8391",Huynh Inc,0
Nicole Jacobson,41,8783.13,1,6.2,7,10/8/2009 16:00,"029 Bill Alley Apt. 087 West Kenneth, UT 32896","Hoffman, Leach and Smith",0
John Davis,35,12654.35,0,1.66,7,11/1/2011 14:43,"88854 Sarah Lake Suite 435 Lake Steven, MD 39080",Gordon-Pruitt,0
Crystal Mccullough,40,6773.23,1,4.29,11,10/17/2006 12:23,"323 Adams Circles Andersonmouth, VI 05122-6749",Hall-Branch,0
Michael Patterson,31,9574.89,0,7.34,8,1/27/2009 11:02,"8392 Heather Camp Mackenziefurt, NE 44919-3028","Anderson, Brown and Montes",0
Brianna White,45,9722.92,1,3.35,8,1/7/2006 19:04,"087 Kimberly Ridges Thomasbury, MA 73601",Alexander LLC,0
Austin Hays,41,9516.87,0,4.94,7,6/15/2008 3:31,"55004 Schmidt Fort Apt. 448 North Samanthaland, AR 63822",Austin Ltd,0
Tammy Kelley,38,6638.87,1,5.61,8,7/20/2014 9:42,"41822 Wright Loop Apt. 718 West Kendrabury, CO 10948-4798",Smith and Sons,0
Monique Delgado,30,10960.52,1,5.96,9,3/4/2007 2:41,"781 Cassie Flat Austinville, AS 10515-8328",Silva-Guerra,0
Timothy Mcdonald,52,11093.87,0,4.38,5,9/30/2016 14:28,"6685 Marie Unions Suite 385 West Kevinfort, MS 77092-9463",Smith-Hawkins,0
Donald Barrett,51,10323.07,1,7.03,9,1/14/2014 10:48,"107 Melissa Manors Suite 419 East Teresashire, ME 40421-3419",Zhang-Brown,0
Darin Alexander,43,15858.91,1,4.51,8,8/11/2008 2:19,"82216 Garrison Coves Apt. 482 Heathertown, MS 60762",Anderson Group,0
Joseph Taylor,40,11309.18,0,4.91,7,8/7/2008 15:34,"170 Kenneth Flats South James, AL 78065",Robertson-Nelson,0
Catherine Martin,32,12142.99,0,5.01,7,7/4/2013 23:28,"75224 Powell Point Apt. 653 Lake Norma, AZ 05753",Lee Inc,0
Amber Carr,44,10965.95,1,4.11,8,7/3/2012 18:49,"95266 Mary Fort West Kennethmouth, WV 43523","Davis, Mccormick and Carson",0
Brenda Walls,51,10877.81,1,8.35,8,5/10/2006 4:40,"078 Nunez Haven Suite 032 East Bradley, SC 36621-1197","Jones, Black and Schneider",0
Carol Young,38,7491.55,0,5.66,12,7/28/2015 21:21,"31037 Gregory Creek Brooksmouth, FL 10099",Dunn LLC,0
James Shah,47,9324.49,1,4.91,6,11/28/2007 21:26,"66256 Danielle Ford New Maureen, MS 47550","Wilson, Collins and Lee",0
Julie Mitchell,45,9034.21,0,6.89,9,6/20/2011 1:07,"8195 Alan Junctions Lake Angela, SC 48151-1612",Jenkins-Johnson,0
Martha Green,54,11856.28,0,6.19,8,3/14/2014 17:28,USCGC Patrick FPO AP 72386,"Anderson, Webb and Gordon",0
John Long,41,9191.02,1,5.89,9,6/10/2013 16:50,"3142 Michael Shores Apt. 648 Port Kyleview, MA 08135-5259","Hernandez, Peck and Martin",0
Ricky Stewart,41,10617.16,0,6.26,8,4/28/2006 11:11,"927 Joseph Lights Lake Anthonyborough, ID 34724","Sutton, Black and Tate",0
Cassandra Proctor,49,11321.2,0,4.89,10,3/7/2006 0:11,"1780 Sherry Circle Ruizbury, WI 73815-9062","Smith, Moran and Gonzales",0
Kenneth James,41,15516.52,0,3.53,10,1/7/2016 7:31,Unit 7222 Box 4339 DPO AP 13281,Wright Group,0
Shawn Hughes,52,5647.92,0,5.08,8,3/16/2009 0:10,"89503 Hurley Wells Suite 603 Port Garrettmouth, MI 00879",Powell-Medina,0
Kim Adams,30,8677.28,1,7.31,7,10/13/2006 13:08,"766 Vanessa Villages West Michelle, VA 51730","Wiley, Macdonald and Lewis",0
Katie Wagner,43,15423.03,1,2.41,7,5/26/2007 3:19,"4331 Tyler Fall Williamfurt, NC 10542-4839","Galloway, Thornton and Diaz",0
Joshua Cole,38,8097.01,0,4.32,7,12/15/2011 7:22,"65431 Elizabeth Rest Apt. 912 Lake Stephanie, SD 65477-1657",Miller LLC,0
Tony Mathews,47,9148.74,1,6.38,8,3/26/2012 6:23,"8471 Jason Spur Jasminemouth, AL 19070","Navarro, Williams and Escobar",0
Andrew Kent,45,12374.97,0,4.66,7,12/24/2011 17:00,"79904 Jacobson Wells Apt. 852 Josephfort, NV 94414","Briggs, Cross and Norris",0
Nancy Riley,36,8646.72,0,6.33,8,4/23/2007 20:03,"65795 Shepard Flats New Sheila, NJ 22914-4957","Thompson, Mendez and Morales",0
Dr. Tina Le,53,10338.09,1,5.07,7,4/7/2007 9:21,"94016 Hill Village Suite 984 New Kristyfort, TN 68508-8351",Steele LLC,0
Jonathan Brown,38,13019.89,1,6.65,8,1/24/2011 12:28,"073 Ryan Haven Suite 323 New Jonathan, DC 25812-0853",Munoz-Pearson,0
Amy Baldwin,41,13743.42,0,3.92,9,11/1/2009 10:37,"596 Erica Route Apt. 258 New Janice, IN 57273",Morgan-Garcia,0
Gary Bryant,39,8646.2,0,2.94,9,7/21/2010 16:56,"636 John Road Suite 304 Morrisonshire, MN 04090-3035",Newman-Phillips,0
Jeffrey Thompson,42,6523.74,0,2.71,8,6/6/2013 3:51,"7280 Douglas River Apt. 701 Suzanneport, KS 56534","Peters, Rodriguez and Smith",0
Johnny Watts,56,8626.48,1,5.07,7,6/13/2011 5:25,"62761 Edwin Overpass Joshuabury, PA 98754-4095","Jacobs, Martinez and Bond",0
Stephanie Juarez,41,5191.08,0,6.29,7,12/7/2016 2:57,"026 Brown Springs Suite 306 Lindsayville, MD 06840","Gonzalez, Willis and Moody",0
James Velazquez,38,7097.52,1,4.68,6,8/11/2009 9:43,"91449 Warren Land Hallberg, SD 39520-2416","Williams, Wilcox and Mitchell",0
Erin Hall,41,13277.82,0,4.84,9,2/21/2009 5:30,"43775 Michael Curve Apt. 937 South Patricia, MN 13454-1801",Lawson-Carter,0
Justin Campos,53,3263,1,2.77,9,11/11/2013 22:49,"3483 Davis Viaduct Guzmanmouth, RI 60858",Hall-Butler,0
Jessica Flores,52,14669.61,0,6.28,9,8/30/2012 14:53,"38975 Jennifer Harbor Apt. 491 West Cody, WA 38692-1960",Wright Ltd,0
Richard Bell,47,13359.2,1,4.55,8,7/29/2016 8:39,"007 Davis Squares Flynnchester, SC 79849",Anderson Group,0
Betty Bowers,43,12078.39,1,6.06,6,10/31/2014 16:00,"79062 Henson Expressway Williamsview, PR 54326-7935",Davis Ltd,0
Rebekah Burns,48,8513.75,1,8.24,10,11/19/2009 11:01,"81006 Armstrong Falls Suite 944 New Kellyborough, SD 34820-7157","Bruce, Craig and Fletcher",0
James Rivas,38,9557.2,0,4.47,8,1/10/2007 7:29,"90866 Harmon Radial North Jennifermouth, MI 55389","Allen, Hernandez and Bryant",0
Robert Terry,44,6517.22,0,4.55,12,4/23/2010 0:50,"3480 Joseph Hollow South Stanley, ME 17014-2360",Cole-Hartman,0
Christian Mann,40,4762.81,1,5.12,10,3/10/2008 1:30,"53545 Susan Views Suite 594 New Pamela, OK 73980-0288",Gallagher-Foster,0
Christopher Yates,45,6452.83,1,4.41,6,8/20/2012 15:56,"PSC 7127, Box 3035 APO AP 88800-1111","Hernandez, Middleton and Brewer",0
Cynthia Daniels,31,8688.21,0,3.58,7,9/6/2007 18:15,"496 Klein Ports Quinnstad, NE 67656",Jackson-Terry,0
Kellie Ryan,32,12254.75,1,5.32,9,5/26/2014 11:13,"275 Patricia Hills Ronnieborough, AK 71437-9508","Reeves, Flores and Bauer",0
David Payne,39,5914.3,1,2.3,9,3/30/2008 6:50,"882 Schneider Inlet Paigeburgh, NJ 33304",Aguirre LLC,0
Henry Cook,45,11486.53,1,5.5,7,12/8/2009 0:18,"071 Michelle Green New Jasonview, AL 90525-9261","Newton, Shepard and Berg",0
Jamie Moore,51,6114.85,1,4.7,9,11/10/2013 1:54,"435 Hernandez Inlet Apt. 727 Josephfort, RI 51403",Herrera-Dodson,0
Kimberly Lewis,52,11828.78,0,5.95,10,9/17/2013 17:17,Unit 6752 Box 0928 DPO AA 53116-2490,Fischer-Garrison,0
Darren Chavez,35,10166.67,0,4.65,10,11/17/2009 17:45,"PSC 5667, Box 8312 APO AP 00654","Hatfield, Lane and Solomon",0
Andrea George,43,12691.45,0,4.45,11,9/19/2014 8:46,"9089 Jennifer Brooks Suite 571 New Lisa, WA 53342-5359","Johnson, Fields and Anderson",0
Luis Evans,45,9903.78,1,5.31,9,5/19/2009 7:17,"9273 Scott Springs Suite 665 Mcintyreland, DC 54306","Coffey, Lopez and Taylor",0
Jonathan Collier,46,10363.63,0,5.84,10,8/10/2016 20:11,Unit 2672 Box 5909 DPO AE 56165-8636,"Turner, Hodges and Turner",0
James Adkins,35,8475.8,0,3.37,11,9/10/2013 12:56,"2311 Henderson Centers Conniehaven, MP 16886-3947","Taylor, Reynolds and Hoffman",0
Tamara Keith,39,13091.92,1,4.74,9,1/13/2014 13:54,"82367 Austin Square Suite 115 New Cheyenne, UT 08356-0301",Mueller Ltd,0
Teresa Thompson,37,13036.52,1,3.83,6,2/26/2009 12:56,"762 Donald Field Suite 361 South Ronald, ME 08806","Snow, Martin and Fowler",0
Andrea Ortiz,40,9521.35,0,5.8,9,1/12/2009 14:37,"7645 Huff Lights Suite 209 Stephenmouth, GA 01888","Barron, Tapia and Black",0
Stefanie Miranda,37,5039.46,0,4.08,8,9/12/2007 16:27,"002 Gutierrez Mountains Hayesburgh, GU 73502-4691",Morrison-Pennington,0
Becky Cardenas,51,13762.79,0,7.52,9,9/11/2006 4:55,"9103 David Drives Wilsonport, PA 79287",Lewis LLC,0
Maria Stanley,46,8941.92,1,5.43,9,1/15/2010 17:22,"17836 Julie Drives North Thomas, MI 27198","Conner, Munoz and Wilson",0
Judy Montes,32,12479.72,0,4.67,8,3/20/2015 2:09,"405 Amanda Junctions West Dustinshire, MH 84757-2573",Fischer PLC,0
Nicole Williams,41,9139.73,1,5.15,10,8/21/2011 1:38,"05077 Richard Lane Apt. 002 New Tracy, FM 56599-7849","Bautista, Strong and Campbell",0
Dalton Sexton,46,10406.58,0,7.24,11,10/24/2015 15:49,"91864 Tommy Manor Suite 933 East Tyrone, MN 86821","Hall, Taylor and Charles",0
Michael Payne,44,11768.65,0,5.54,7,3/6/2006 0:42,"59672 Nash Cove Apt. 855 Jeremyshire, GU 93725",Campbell-Davenport,0
Keith Bowman,46,14664,0,6.54,8,9/30/2012 2:34,"36569 Richard Run Jacksonmouth, MN 02512",Garrett-Turner,0
Jason Phillips,46,8418.81,1,7.19,6,9/29/2014 0:31,"8928 Benjamin Summit Suite 264 North Samanthabury, AR 01364-7776",Davis-Bass,0
Christopher Daniels,34,6461.86,1,4.61,8,10/15/2008 13:31,"88563 Jeffery Manor North Mathew, OK 19970-2973",Schultz-Newman,0
Lindsey Moreno,39,14317.2,0,5.03,7,12/2/2014 15:56,"38769 Zachary Road Apt. 706 Port Michaelview, MA 73304-2019",Davies-Braun,0
James Evans,42,4492.44,1,6.43,9,1/16/2013 16:29,"17140 Andrea Motorway Apt. 798 Amychester, WV 88972-7283",Hughes Ltd,0
Kristine Moreno,29,13240.01,1,4.58,6,8/9/2012 16:07,"541 Mills Rest Lake Cynthia, PR 71752",Garcia Ltd,0
Stefanie Whitaker,35,7814.68,1,5.99,9,8/27/2013 0:56,"7967 Waters Way Suite 678 New Ericport, HI 48528",King-Frye,0
Monica Todd,35,11255.38,0,6.28,4,4/4/2007 8:32,"104 Ruben Rapid Apt. 107 New Andrea, FM 58602",Peterson PLC,0
Matthew Beck,49,13165.68,0,5.49,9,2/10/2010 17:43,"29322 Linda Via Martinside, IA 14495",Taylor-Cain,0
Donna Good,37,12713.9,0,9.15,8,11/23/2009 17:54,USNV Hill FPO AE 43418,"Alexander, Goodwin and Johnson",0
Sarah Flores,40,11527.08,1,5.04,8,11/17/2007 9:06,USNV Morgan FPO AE 62096-4614,"Cervantes, Rice and Strickland",0
Joshua Kirby,54,8375.73,1,4.42,7,10/24/2007 3:45,"5079 Cole Circle New Patriciaton, CT 49306-7555",Moore-Johnson,0
Keith Robertson,41,11968.78,0,5.08,6,11/21/2010 12:52,"52601 Burns Lane West Courtney, TN 00410-3545",Spencer Group,0
Dustin Dodson,48,7761.2,0,7.02,9,1/12/2011 13:52,USNV Villanueva FPO AE 89160-6979,"Serrano, Moss and Bass",0
Frances Jenkins,32,6367.22,1,2.84,10,1/3/2015 18:57,"80428 Harris Islands Ethanfurt, CT 42032-8161",Boyd-King,0
Deborah Meyer,44,7599.36,1,6.41,6,1/10/2008 11:48,"47051 Luna Mission North Susanchester, MH 55279-4332",Smith Group,0
Latasha Schwartz,40,7642.2,0,5.04,9,11/11/2007 17:05,"90098 Lloyd Drive North Johnside, AR 39045-5361",Chambers-Wyatt,0
Ashley Jacobs,38,11621.67,1,6.11,9,7/6/2013 19:20,"018 Mark Centers Suite 973 Mckinneyland, VT 26361-8406",Williamson-Walker,0
Michael Brown,47,9365.92,1,4.37,5,6/10/2013 21:51,"4972 Michael Village Suite 788 West Rachelstad, NH 04946-6243","Smith, Diaz and Warren",0
Darlene Cain,29,12711.15,0,5.74,7,8/10/2011 21:19,"33852 Susan Pine Apt. 606 Lake Spencer, KY 80977",Velasquez PLC,0
Abigail Gonzalez,55,8243.28,0,3.54,6,1/9/2014 19:52,"325 Lawrence Crossing Suite 269 South Josephhaven, OK 53193-5178",Nelson PLC,0
Christina Martin,51,10269.97,1,4.85,8,8/9/2007 12:55,"43807 Barnes Bridge Lake Richardport, AR 10206-6207","Carroll, Green and Jones",0
Robert Adams,38,13366.66,1,5.64,7,6/10/2008 21:06,"675 David Bypass Suite 331 West Andrea, VA 63193",Powers Ltd,0
Megan Avila,40,12401.58,1,5.75,9,11/18/2013 16:25,Unit 6546 Box 3116 DPO AE 29548,"Roberts, Edwards and Young",0
Ann White,43,8950.33,0,6.76,9,6/25/2008 0:45,"91968 Pena Stream Apt. 094 New Justin, GU 24101",Hancock LLC,0
Dr. Lauren Brown,41,10806.13,1,4,6,1/27/2010 13:34,"964 Long Road Suite 539 New Sharonmouth, ID 56171-3878",Morales PLC,0
Shane Jones,38,7713.12,1,5.41,9,2/15/2016 15:45,"PSC 2239, Box 8378 APO AA 67843",Wise Inc,0
Amanda Moore,40,12455.75,1,6.64,9,1/3/2010 6:33,"356 Vickie Vista North Michaelstad, WA 26856","Green, Jackson and Green",0
Daniel Thompson,33,7492.9,0,6.71,7,10/13/2009 17:35,"243 Laura Gateway Mitchellport, FL 53705-6256",Maldonado-Goodwin,0
Andrew Moreno,43,12068.39,1,3.59,7,3/28/2008 21:32,"60669 Rivera Lights Suite 982 Michaelside, AK 96751",Williams Group,0
Catherine Lucas,40,7837.67,1,5.66,11,5/18/2009 15:10,"979 Joel Run Suite 561 Darlenetown, WA 27272",Andrade-Cook,0
Natalie Williams,45,9721.59,0,3.43,9,7/24/2006 16:11,"5605 Dunn Union Suite 923 Shanefort, IL 28178-4110",Nguyen Ltd,0
Mark Gordon,41,10028.23,1,5.52,9,11/25/2007 17:41,"56171 Hunt Fall Herreratown, OR 59549",Cole-Johnson,0
Mrs. Ashley Guerra,34,10466.56,0,5.34,7,11/7/2016 8:01,"3314 Lisa Row Suite 484 Port Stephanieview, KY 15941-8359",Garza PLC,0
Emily Roberson,36,12879.7,0,4.7,9,7/8/2013 19:24,"41199 Welch Stravenue Apt. 518 South Crystalshire, IA 58998-2407",Clements-Summers,0
Matthew Lane,49,13078.28,1,4.06,8,2/22/2008 10:20,"59446 Kaufman Trace East Josephburgh, HI 36514","Carter, Brown and Richards",0
Darren Brown,49,11584.59,1,4.84,6,5/28/2010 21:29,"080 Amber Village Apt. 472 Schroederbury, AZ 32357",Hall PLC,0
Alyssa Harper DDS,45,9874.69,1,2.41,9,9/4/2006 7:20,"63593 Hector Mission South Williambury, IA 79862-2416",Garza-Alexander,0
Jennifer Wood,48,11585.16,0,4.61,9,3/13/2012 3:24,Unit 5568 Box 1967 DPO AE 15638,"Gray, Campbell and Chandler",0
Taylor Grant,39,10643.67,0,5.54,10,5/16/2015 14:20,Unit 2836 Box 5288 DPO AP 28958-4427,Barnett-Herrera,0
Ryan Brown,34,12397.49,0,4.93,9,1/24/2016 10:04,"91641 Wright Views Stephenstad, MT 83238-3650","Gutierrez, Garcia and Miller",0
Peggy Allison,40,10780.71,1,5.33,9,3/12/2016 23:44,"913 David Mall Hooperburgh, MT 76387",Nelson-Murray,0
Douglas Acosta,40,8801.13,0,7.52,6,5/26/2016 20:27,"81459 Sarah Brook Suite 370 Lake Michael, MA 20035-7310","Clayton, Ferrell and Gaines",0
Victoria Hughes,45,7325.93,1,6,6,5/16/2009 11:03,"0918 Taylor Trail Apt. 385 West Caleb, ND 20637-7455","Douglas, Briggs and Sawyer",0
Michael Knox,36,7342.14,0,5.51,8,10/8/2015 18:55,"0115 Carter Camp Suite 403 New Andreashire, OK 92778",Scott and Sons,0
Laura Wright,37,12154.25,1,5.15,6,6/17/2015 23:25,"9534 Dodson Streets North James, TX 66878","Cunningham, Jackson and Schultz",0
Alexandra Phillips,32,9472.72,1,1,10,3/26/2009 5:25,"078 Ortega Vista Lake Gabriella, OK 18890-5973","Smith, Harris and Black",0
Lori Medina,39,3676.68,1,3.52,9,7/16/2008 11:36,"PSC 1874, Box 9238 APO AP 68299","Garcia, Hansen and Austin",0
Kristin Davis,50,6857.29,0,4.69,6,7/8/2014 19:50,"090 Sara Track Apt. 195 Mooremouth, MP 50670","Gonzalez, Castro and Martinez",0
John Richardson,52,10133.36,0,4.6,7,2/24/2014 17:27,"77435 Christopher Union Apt. 871 New Christophermouth, MA 95513-2675",Martinez Inc,0
Daniel Brown,51,4992.6,0,3.85,8,2/12/2016 22:38,"701 Alan Corners Port George, KY 15579-3799",Mosley Ltd,0
Eugene Rowe,50,12941.12,1,5.51,11,6/23/2015 9:54,"45548 Henderson Islands Bakerside, WV 92882-7688",Powell-Parker,0
Cody Middleton,36,11040.16,0,4.52,8,4/14/2010 22:03,"86871 Jimenez Crest Suite 849 East Bruce, MO 68426-6342",Lawrence and Sons,0
Kevin Chapman,35,8058.73,0,6.88,9,2/29/2016 18:23,"40094 Manning Pass Travisburgh, MT 80542",Ortega Group,0
Margaret Moore,44,10638.65,0,5.54,6,6/4/2010 3:04,"2556 Grant Points New Christopherton, CA 76121-6565",Wright PLC,0
Edwin Young,49,10226.43,0,6.02,8,2/27/2014 10:46,"6467 Brett Dam Houstonchester, DE 13162","Graham, Jones and Gonzalez",0
Teresa Bean,38,12020.62,0,4.41,8,2/14/2007 0:56,"4962 Christian Squares North Belinda, OK 98156-7957",Garza LLC,0
Justin Moore,51,12780.22,0,6.06,7,4/4/2015 11:06,"7790 Paul Street Sandraside, AR 55085","Callahan, Miller and Wallace",0
Sarah Morgan,51,6662.59,1,5.27,9,10/3/2009 9:42,"2458 Tyler Flats Suite 696 Rebeccaburgh, VA 79274",Braun-Cook,0
Amanda Hernandez,38,10298.29,1,5.07,9,5/31/2015 21:15,"4792 Amy Wall Apt. 296 Olsenchester, VA 69141-5857","Barry, Brown and Smith",0
Tammy Williams,52,9065.28,0,3.99,5,12/13/2009 18:17,"6720 Barbara Square Christopherchester, UT 54226",Lawrence-Johnson,0
Lawrence Gordon,44,8817.22,1,6.53,10,9/23/2009 9:35,"4041 Wise River Suite 828 West Todd, AR 08725-4767","Austin, Roberts and Cox",0
Jodi Thompson,35,11391.46,1,7.59,10,12/28/2011 11:02,"4379 Sandoval Stravenue Suite 998 New Ryanberg, NM 05443-2529",Soto PLC,0
Michelle Roberts,43,12531.39,0,3.97,6,4/28/2013 5:02,"5351 Ford Pike Apt. 399 Ericshire, IA 72849-0011",Marshall-Ho,0
Colton Foster,43,9200.69,1,2.6,11,12/25/2012 6:18,"01690 Andrews Park Wrightville, IN 00886","Jennings, Stout and Spencer",0
John Gardner,52,13368.21,1,4.09,9,12/23/2006 18:35,"16214 Henry Mission Pearsonside, PR 88434","Sherman, Lopez and Moran",0
Holly Flores,47,15878.11,1,2.05,8,5/21/2012 12:56,"37362 Anthony Corner Suite 462 Port Saraton, ND 49109-1547",Reyes-Crawford,0
William Branch,33,7720.61,1,4.97,10,4/16/2012 7:05,"90937 Andres Springs Apt. 164 Lindaland, TX 51026-5011",Mullen and Sons,0
Patricia Mckinney,34,9270.9,0,6.19,7,4/29/2007 18:47,"04146 Ronnie Mission Suite 310 Nicoleshire, CT 39413-3387","Lewis, Green and Garcia",0
Brandon Compton,44,8274.32,0,5.7,8,7/21/2016 2:39,"202 Richard Extensions Apt. 994 Pamelachester, IL 73985-9604",Sanchez-Cardenas,0
Monica Hernandez,38,9347.47,0,8.47,8,1/23/2006 16:23,"8151 Ross Gardens Apt. 699 Randallton, NM 53386-6929",Finley-Moore,0
Kathryn Petersen,40,12453.72,1,4.83,9,10/3/2006 9:45,"4030 Sullivan Viaduct Apt. 877 Lake Anthony, VT 89429",Nguyen-Wright,0
Shelia Phillips,39,8644.07,1,4.48,8,5/14/2016 14:37,"451 David Vista Apt. 799 Danielsview, ND 69312",Norman-Holloway,0
Sally Smith,45,11575.84,0,5.51,9,8/2/2012 9:18,"75262 Robert Centers Apt. 728 Vanessaside, TX 96244-2416",Webb PLC,0
Joshua Huff,49,8268.74,1,5.21,8,1/19/2009 4:53,"064 Laurie Manor Suite 944 East Jimmy, IN 53776","Rivera, Perkins and Brown",0
Daniel Washington,54,12147.83,1,4.17,8,5/14/2013 16:58,"1537 Mccullough Canyon Rodriguezview, AZ 74625-8762",Reeves-Scott,0
Joseph Anderson,48,8093.03,1,4.26,8,10/12/2016 23:20,"1317 Mcdaniel Plaza Suite 219 Colleenview, TX 81040-7425",Ingram LLC,0
Kylie Reynolds,28,9090.43,1,5.74,10,6/18/2014 0:45,"118 Natalie Islands Apt. 040 Lake Elizabeth, CO 60710",Cruz and Sons,0
Chelsea Marsh,41,9552.57,0,3.81,8,2/5/2015 6:36,"854 James Ranch Smithfort, WA 12954",Wright-Olson,0
Carlos Miller,47,9004.44,0,3.79,8,3/8/2015 8:03,"506 Arnold Greens Apt. 335 South Kyleton, DC 78683",Weaver Inc,0
Lindsey Adams,46,14361.38,0,4.52,8,7/20/2008 8:40,"283 Mccarthy Fork Hubbardfort, PW 58105-7552",Morris-Williams,0
Jerry Nguyen,36,8972.54,0,5.23,8,6/16/2009 4:20,"059 Angela Manor Latashaburgh, ID 26923-6555",Glenn-Nguyen,0
Mark Ingram,44,11611.28,0,5.8,11,12/1/2007 21:35,"5035 Donald Points Suite 375 West Shirleyhaven, TN 41021",Smith-Lewis,0
Casey Hess,43,9399.92,1,4.98,8,8/7/2014 7:57,"132 Angela Station Suite 770 Hillfort, LA 66223-8625",David-Woods,0
Gary Odom,37,7982.38,1,4.29,8,1/15/2009 17:39,"0349 Kimberly Ridges Michaelburgh, AK 08955",Moran Inc,0
John Snyder,36,6930.95,0,5.19,7,6/1/2013 17:31,"271 Rachel Village Westport, MT 33566-5694",Hardin Group,0
Karen Wade,38,11667.01,0,3.8,8,10/21/2015 23:30,"726 Jackson Lakes Apt. 693 Kennethshire, NM 58470-9850",Mitchell-Clark,0
Kathleen Salazar,31,5387.75,0,6.83,9,2/7/2008 9:54,"226 Zimmerman Haven Suite 223 Lake Jennifer, IN 39817",Morales-Miles,0
Mary Frank,33,10709.39,1,5.22,6,2/2/2006 12:29,"11007 Tara Plains Apt. 842 South Amy, AK 31218","Ellison, Pace and Vaughan",0
Lisa Reid,41,11623.42,1,4.18,9,12/29/2009 17:39,"499 Joshua Ramp Blankenshipmouth, AL 61436",Acosta PLC,0
Nathan Hammond,53,9683.85,0,5.89,8,9/7/2006 18:40,"731 Danielle Roads Suite 482 Lisaburgh, ME 92139","Smith, Burke and Gonzales",0
Theresa Terry,44,8819.13,1,4.38,10,5/21/2010 4:43,"2927 Butler Keys Suite 851 West Christophermouth, MS 35752-5027","Campbell, Moore and Garrett",0
John Jones,44,7736.13,1,4.48,8,6/6/2013 9:25,"2297 Jackson Island Robertsfort, NH 79212-4023",Day LLC,0
Teresa Smith,45,7158.66,1,6.25,7,7/24/2006 22:52,USCGC Fleming FPO AA 06534-5672,Villarreal-Ellis,0
Heather Thompson,50,9248.87,0,4.56,9,1/30/2014 10:39,"896 Lewis Wells Martinezstad, MO 12686","Jacobs, Arnold and Schwartz",0
Melanie Cain,40,11916.26,0,4.51,7,1/10/2015 0:21,"3046 Harrison Plains Montgomeryberg, ID 86180",Sims and Sons,0
Kenneth Graham,50,9641.61,0,3.09,5,6/9/2010 21:23,"43996 Parks Spring Hooperland, TX 05090-6018",King-Atkinson,0
Abigail Jennings,36,12309.23,1,4.76,9,3/11/2012 17:10,USS Mcgrath FPO AP 33786-7308,"Simpson, Byrd and Miller",0
Andrea Ford,40,11362.95,0,4.37,11,10/8/2010 22:11,"2519 Martin Ports Suite 635 Martinport, AL 55438",Patton Group,0
